"","ID","steps","bmi","gender"
"1","1",15000,16.9,"female"
"2","2",15000,16.9,"female"
"3","6",14861,16.8,"female"
"4","7",14861,16.8,"female"
"5","8",14699,17.3,"female"
"6","10",14560,20.5,"female"
"7","11",14560,20.6,"female"
"8","13",14560,20.5,"female"
"9","17",14560,20.4,"female"
"10","18",14560,20.4,"female"
"11","19",14560,19.8,"female"
"12","20",14560,19.7,"female"
"13","22",14560,19.7,"female"
"14","24",14560,19.6,"female"
"15","25",14560,19.6,"female"
"16","27",14560,19.6,"female"
"17","29",14560,17.4,"female"
"18","30",14560,17.4,"female"
"19","32",14398,20.9,"female"
"20","37",14398,17.5,"female"
"21","40",14398,17.1,"female"
"22","42",14259,21.1,"female"
"23","43",14259,21.1,"female"
"24","46",14259,18.9,"female"
"25","47",14259,17.5,"female"
"26","49",14259,17.2,"female"
"27","50",14259,16.7,"female"
"28","51",14097,21.3,"female"
"29","52",14097,21.3,"female"
"30","54",14097,18.6,"female"
"31","55",14097,18.6,"female"
"32","57",14097,17.3,"female"
"33","60",13958,21.4,"female"
"34","61",13958,21.4,"female"
"35","66",13958,17.6,"female"
"36","68",13796,21.6,"female"
"37","69",13796,21.6,"female"
"38","71",13796,18.2,"female"
"39","72",13796,18.2,"female"
"40","73",13796,18.2,"female"
"41","74",13796,18.1,"female"
"42","76",13796,17.7,"female"
"43","78",13796,17.7,"female"
"44","82",13657,21.7,"female"
"45","84",13657,17.7,"female"
"46","85",13657,17.5,"female"
"47","87",13495,21.8,"female"
"48","88",13495,21.8,"female"
"49","93",13333,21.9,"female"
"50","94",13333,17.8,"female"
"51","96",13333,16.9,"female"
"52","97",13333,16.9,"female"
"53","99",13333,16.9,"female"
"54","100",13333,16.8,"female"
"55","101",13333,16.8,"female"
"56","103",13333,16.8,"female"
"57","105",13194,17.8,"female"
"58","106",13194,17.8,"female"
"59","107",13194,17.2,"female"
"60","110",13032,22.2,"female"
"61","111",13032,17.7,"female"
"62","115",12894,22.3,"female"
"63","117",12894,17.8,"female"
"64","118",12894,17.7,"female"
"65","120",12894,17.3,"female"
"66","122",12731,24.8,"female"
"67","123",12731,24.8,"female"
"68","124",12731,24.8,"female"
"69","125",12731,24.8,"female"
"70","127",12731,23.8,"female"
"71","128",12731,23.7,"female"
"72","129",12731,23.7,"female"
"73","132",12731,22.4,"female"
"74","133",12731,17.7,"female"
"75","134",12731,17.4,"female"
"76","137",12593,25.1,"female"
"77","139",12593,25.1,"female"
"78","140",12593,23.3,"female"
"79","141",12593,23.3,"female"
"80","142",12593,23.3,"female"
"81","143",12593,23.3,"female"
"82","145",12593,22.5,"female"
"83","148",12593,16.8,"female"
"84","152",12431,22.9,"female"
"85","153",12431,22.9,"female"
"86","154",12431,22.7,"female"
"87","155",12431,22.7,"female"
"88","157",12431,17.6,"female"
"89","158",12431,16.9,"female"
"90","159",12431,16.9,"female"
"91","160",12431,16.9,"female"
"92","161",12292,25.5,"female"
"93","163",12292,22.7,"female"
"94","165",12292,17.8,"female"
"95","166",12292,17.6,"female"
"96","169",12292,17.6,"female"
"97","170",12292,17.6,"female"
"98","171",12292,17.1,"female"
"99","172",12292,17,"female"
"100","173",12292,17,"female"
"101","178",12130,22.4,"female"
"102","181",12130,17.2,"female"
"103","182",11968,25.8,"female"
"104","183",11968,25.8,"female"
"105","184",11968,22.2,"female"
"106","186",11968,22.2,"female"
"107","187",11968,17.7,"female"
"108","188",11968,17.7,"female"
"109","190",11829,29.7,"female"
"110","191",11829,28.9,"female"
"111","193",11829,28.8,"female"
"112","198",11829,19,"female"
"113","201",11829,18.2,"female"
"114","202",11829,18.2,"female"
"115","204",11829,17.3,"female"
"116","206",11667,29.8,"female"
"117","207",11667,29.5,"female"
"118","209",11667,28.5,"female"
"119","212",11667,26,"female"
"120","213",11667,21.9,"female"
"121","214",11667,21.9,"female"
"122","217",11667,17.9,"female"
"123","218",11667,18.1,"female"
"124","220",11667,17.9,"female"
"125","222",11528,29.8,"female"
"126","224",11528,28.4,"female"
"127","225",11528,28.4,"female"
"128","226",11528,26,"female"
"129","227",11528,26,"female"
"130","229",11528,21.8,"female"
"131","230",11528,19.3,"female"
"132","231",11528,19.3,"female"
"133","232",11528,18.1,"female"
"134","234",11528,18,"female"
"135","236",11528,17.8,"female"
"136","238",11528,17.2,"female"
"137","239",11366,29.8,"female"
"138","242",11366,28.3,"female"
"139","243",11366,28.3,"female"
"140","244",11366,26.1,"female"
"141","246",11366,19.4,"female"
"142","248",11366,17.8,"female"
"143","251",11227,29.6,"female"
"144","252",11227,29.6,"female"
"145","255",11227,29.6,"female"
"146","256",11227,29.6,"female"
"147","257",11227,28.7,"female"
"148","261",11227,28.2,"female"
"149","263",11227,26.2,"female"
"150","264",11227,21.6,"female"
"151","265",11227,21.6,"female"
"152","266",11227,19.5,"female"
"153","267",11227,19.5,"female"
"154","268",11227,17.7,"female"
"155","271",11065,29.9,"female"
"156","273",11065,28.3,"female"
"157","275",11065,28.3,"female"
"158","276",11065,28.2,"female"
"159","278",11065,26.2,"female"
"160","280",11065,21.4,"female"
"161","285",11065,17.4,"female"
"162","286",11065,17.4,"female"
"163","287",11065,17.3,"female"
"164","290",11065,17.3,"female"
"165","291",10926,30.2,"female"
"166","292",10926,30.1,"female"
"167","294",10926,28,"female"
"168","295",10926,28.1,"female"
"169","296",10926,26.3,"female"
"170","299",10926,19.6,"female"
"171","301",10764,30.3,"female"
"172","303",10764,30.4,"female"
"173","304",10764,27.8,"female"
"174","307",10764,27.3,"female"
"175","309",10764,27.2,"female"
"176","312",10764,21.1,"female"
"177","315",10764,19.7,"female"
"178","316",10625,30.5,"female"
"179","317",10625,30.5,"female"
"180","319",10625,29.9,"female"
"181","322",10625,28.9,"female"
"182","323",10625,28.9,"female"
"183","324",10625,27.6,"female"
"184","325",10625,27.6,"female"
"185","326",10625,27.5,"female"
"186","327",10625,27.5,"female"
"187","331",10625,20.8,"female"
"188","336",10463,31.3,"female"
"189","339",10463,30.1,"female"
"190","340",10463,30.1,"female"
"191","342",10463,28.5,"female"
"192","344",10463,27.8,"female"
"193","345",10463,27.4,"female"
"194","346",10463,27.8,"female"
"195","348",10463,25.8,"female"
"196","349",10463,25.8,"female"
"197","350",10463,20.3,"female"
"198","352",10463,20.4,"female"
"199","353",10463,20.3,"female"
"200","354",10463,20.3,"female"
"201","355",10463,19.8,"female"
"202","356",10301,31.4,"female"
"203","358",10301,30.8,"female"
"204","359",10301,30.8,"female"
"205","361",10301,29.7,"female"
"206","362",10301,29.6,"female"
"207","363",10301,29.7,"female"
"208","364",10301,28.4,"female"
"209","366",10301,28.3,"female"
"210","368",10301,27.3,"female"
"211","369",10301,27.3,"female"
"212","370",10301,27.4,"female"
"213","371",10301,27.2,"female"
"214","373",10301,27.3,"female"
"215","374",10301,27.3,"female"
"216","378",10301,27.3,"female"
"217","380",10301,26.5,"female"
"218","381",10301,26.6,"female"
"219","382",10301,26.6,"female"
"220","384",10301,25.7,"female"
"221","388",10301,19.5,"female"
"222","389",10301,19.5,"female"
"223","390",10162,31.3,"female"
"224","392",10162,30.9,"female"
"225","394",10162,30.3,"female"
"226","395",10162,29.9,"female"
"227","396",10162,29.9,"female"
"228","400",10162,28.2,"female"
"229","402",10162,28.1,"female"
"230","403",10162,27.5,"female"
"231","404",10162,27.1,"female"
"232","408",10162,25.5,"female"
"233","412",10000,31.5,"female"
"234","414",10000,31,"female"
"235","415",10000,30.3,"female"
"236","417",10000,30,"female"
"237","420",10000,28.2,"female"
"238","421",10000,27,"female"
"239","424",10000,25.5,"female"
"240","425",10000,18.8,"female"
"241","426",10000,18.7,"female"
"242","427",10000,18.7,"female"
"243","429",9861,31.1,"female"
"244","430",9861,31.1,"female"
"245","434",9861,30,"female"
"246","436",9861,29.6,"female"
"247","437",9861,29.1,"female"
"248","440",9861,26.9,"female"
"249","441",9861,26.3,"female"
"250","443",9861,25.4,"female"
"251","444",9861,18.5,"female"
"252","445",9861,18.5,"female"
"253","451",9699,28.9,"female"
"254","453",9699,26.8,"female"
"255","456",9699,26.3,"female"
"256","458",9699,25.3,"female"
"257","459",9699,18.3,"female"
"258","462",9560,31.2,"female"
"259","464",9560,30.3,"female"
"260","465",9560,30.1,"female"
"261","466",9560,29.6,"female"
"262","467",9560,28.8,"female"
"263","469",9560,26.2,"female"
"264","470",9560,25.3,"female"
"265","474",9560,24.1,"female"
"266","476",9560,24,"female"
"267","477",9560,24.1,"female"
"268","480",9398,31.5,"female"
"269","481",9398,31.3,"female"
"270","482",9398,31.3,"female"
"271","486",9398,29.6,"female"
"272","487",9398,29.6,"female"
"273","488",9398,29.3,"female"
"274","489",9398,29.3,"female"
"275","490",9398,29.5,"female"
"276","492",9398,29.2,"female"
"277","493",9398,29.2,"female"
"278","494",9398,29.2,"female"
"279","495",9398,29.2,"female"
"280","496",9398,29.2,"female"
"281","499",9398,29.1,"female"
"282","501",9398,29.5,"female"
"283","503",9398,27.8,"female"
"284","505",9398,29.3,"female"
"285","507",9398,27.8,"female"
"286","508",9398,26.8,"female"
"287","509",9398,25.3,"female"
"288","510",9398,26.2,"female"
"289","511",9398,24.9,"female"
"290","514",9398,23.6,"female"
"291","515",9398,23.6,"female"
"292","516",9398,23.6,"female"
"293","518",9398,18,"female"
"294","520",9259,31.6,"female"
"295","521",9259,30.3,"female"
"296","522",9259,30.1,"female"
"297","523",9259,30.1,"female"
"298","524",9259,29.4,"female"
"299","526",9259,29.5,"female"
"300","528",9259,29.3,"female"
"301","529",9259,29.2,"female"
"302","530",9259,29.4,"female"
"303","533",9259,29.1,"female"
"304","534",9259,29.3,"female"
"305","535",9259,29.2,"female"
"306","536",9259,29.4,"female"
"307","537",9259,29.2,"female"
"308","540",9259,29.2,"female"
"309","545",9259,29.3,"female"
"310","546",9259,29.3,"female"
"311","548",9259,28.8,"female"
"312","549",9259,29.2,"female"
"313","550",9259,28.2,"female"
"314","552",9259,27.6,"female"
"315","557",9259,25,"female"
"316","558",9259,23.3,"female"
"317","559",9259,23.3,"female"
"318","561",9259,17.8,"female"
"319","562",9259,17.8,"female"
"320","566",9097,31.4,"female"
"321","567",9097,30.3,"female"
"322","568",9097,30.1,"female"
"323","571",9097,29.4,"female"
"324","572",9097,29.5,"female"
"325","575",9097,29.4,"female"
"326","577",9097,29.3,"female"
"327","579",9097,29.1,"female"
"328","581",9097,29.2,"female"
"329","583",9097,29.2,"female"
"330","584",9097,29.4,"female"
"331","585",9097,29.3,"female"
"332","587",9097,29.3,"female"
"333","589",9097,29.2,"female"
"334","590",9097,28.2,"female"
"335","591",9097,29.1,"female"
"336","593",9097,29.3,"female"
"337","595",9097,27.5,"female"
"338","596",9097,26.7,"female"
"339","597",9097,26.2,"female"
"340","598",9097,25.1,"female"
"341","599",9097,25.2,"female"
"342","600",9097,25.1,"female"
"343","603",9097,23,"female"
"344","606",9097,17.5,"female"
"345","607",9097,17.6,"female"
"346","608",9097,17.4,"female"
"347","609",9097,17.5,"female"
"348","610",9097,17.3,"female"
"349","611",9097,17.5,"female"
"350","614",9097,15.8,"female"
"351","615",9097,15.8,"female"
"352","616",9097,15.9,"female"
"353","621",8935,31.4,"female"
"354","623",8935,30.1,"female"
"355","624",8935,30.2,"female"
"356","625",8935,29.5,"female"
"357","626",8935,29.4,"female"
"358","627",8935,29.5,"female"
"359","628",8935,29.4,"female"
"360","632",8935,29.3,"female"
"361","634",8935,29.4,"female"
"362","635",8935,29.2,"female"
"363","636",8935,29.2,"female"
"364","641",8935,29.2,"female"
"365","643",8935,28.9,"female"
"366","648",8935,26.1,"female"
"367","650",8935,25.2,"female"
"368","652",8935,22.8,"female"
"369","656",8935,16.3,"female"
"370","657",8796,31.9,"female"
"371","659",8796,30.2,"female"
"372","660",8796,30.1,"female"
"373","662",8796,29,"female"
"374","663",8796,29,"female"
"375","664",8796,28.1,"female"
"376","669",8796,26.1,"female"
"377","671",8796,25.1,"female"
"378","672",8796,22.6,"female"
"379","673",8796,22.6,"female"
"380","674",8796,22.6,"female"
"381","676",8796,17.3,"female"
"382","677",8796,17.2,"female"
"383","678",8796,17.3,"female"
"384","679",8796,17.2,"female"
"385","681",8796,17.3,"female"
"386","682",8796,17.2,"female"
"387","683",8796,16.4,"female"
"388","685",8796,15.9,"female"
"389","687",8796,15.9,"female"
"390","691",8634,31.9,"female"
"391","695",8634,30,"female"
"392","697",8634,29.5,"female"
"393","699",8634,28.1,"female"
"394","703",8634,26.1,"female"
"395","705",8634,22.4,"female"
"396","706",8634,22.4,"female"
"397","707",8634,17.5,"female"
"398","712",8495,30.2,"female"
"399","716",8495,29.7,"female"
"400","717",8495,29.7,"female"
"401","718",8495,28,"female"
"402","719",8495,28,"female"
"403","722",8495,26.1,"female"
"404","724",8495,22.3,"female"
"405","726",8495,17.5,"female"
"406","727",8495,17.5,"female"
"407","730",8333,31.8,"female"
"408","734",8333,27.9,"female"
"409","737",8333,26.1,"female"
"410","738",8333,25.1,"female"
"411","739",8333,25.1,"female"
"412","741",8333,17.4,"female"
"413","742",8333,17.4,"female"
"414","743",8333,17.4,"female"
"415","744",8194,31.9,"female"
"416","748",8194,28.4,"female"
"417","750",8194,27.9,"female"
"418","751",8194,26.7,"female"
"419","752",8194,26.1,"female"
"420","753",8194,26.1,"female"
"421","755",8194,22.1,"female"
"422","757",8194,22,"female"
"423","758",8194,17.3,"female"
"424","767",8032,26.1,"female"
"425","769",8032,25.1,"female"
"426","771",8032,23.4,"female"
"427","774",8032,23.4,"female"
"428","776",8032,22.5,"female"
"429","778",8032,22.6,"female"
"430","783",8032,22.7,"female"
"431","785",8032,17.7,"female"
"432","786",7894,32,"female"
"433","789",7894,29.9,"female"
"434","792",7894,29.5,"female"
"435","794",7894,28.4,"female"
"436","796",7894,28,"female"
"437","799",7894,26.1,"female"
"438","802",7894,21.8,"female"
"439","803",7894,17.7,"female"
"440","806",7731,31.5,"female"
"441","807",7731,30.3,"female"
"442","808",7731,30,"female"
"443","811",7731,29.4,"female"
"444","812",7731,29.3,"female"
"445","814",7731,29.3,"female"
"446","818",7731,29.1,"female"
"447","819",7731,29.3,"female"
"448","820",7731,29.2,"female"
"449","824",7731,28.1,"female"
"450","825",7731,26.5,"female"
"451","827",7731,26.7,"female"
"452","828",7731,26.5,"female"
"453","829",7731,26.4,"female"
"454","831",7731,26.4,"female"
"455","832",7731,26.3,"female"
"456","840",7731,25.1,"female"
"457","843",7731,21.7,"female"
"458","845",7731,17.6,"female"
"459","847",7593,32,"female"
"460","848",7593,31.4,"female"
"461","850",7593,30,"female"
"462","851",7593,29.4,"female"
"463","855",7593,27.7,"female"
"464","856",7593,27.7,"female"
"465","857",7593,26.7,"female"
"466","858",7593,25.2,"female"
"467","863",7431,32,"female"
"468","864",7431,31.7,"female"
"469","866",7431,31.4,"female"
"470","867",7431,31.4,"female"
"471","869",7431,30.3,"female"
"472","871",7431,29.4,"female"
"473","872",7431,29.3,"female"
"474","876",7431,29.2,"female"
"475","878",7431,29.2,"female"
"476","881",7431,29.1,"female"
"477","885",7431,29.2,"female"
"478","887",7431,29.4,"female"
"479","888",7431,29.3,"female"
"480","889",7431,29.2,"female"
"481","890",7431,29.1,"female"
"482","891",7431,28.1,"female"
"483","894",7431,26.7,"female"
"484","896",7431,21.7,"female"
"485","899",7431,21.6,"female"
"486","900",7431,17.6,"female"
"487","902",7431,17.6,"female"
"488","905",7269,31.9,"female"
"489","908",7269,31.7,"female"
"490","910",7269,30.4,"female"
"491","912",7269,29.4,"female"
"492","913",7269,29.3,"female"
"493","914",7269,29.4,"female"
"494","915",7269,29.3,"female"
"495","917",7269,29.3,"female"
"496","920",7269,29,"female"
"497","921",7269,29.2,"female"
"498","922",7269,29.2,"female"
"499","925",7269,28.7,"female"
"500","929",7269,29,"female"
"501","932",7269,29.1,"female"
"502","936",7269,29.1,"female"
"503","940",7269,29.4,"female"
"504","944",7269,21.1,"female"
"505","945",7269,21.1,"female"
"506","947",7130,31.7,"female"
"507","949",7130,31.3,"female"
"508","951",7130,30.4,"female"
"509","953",7130,29.5,"female"
"510","954",7130,29.5,"female"
"511","955",7130,29.4,"female"
"512","956",7130,29.3,"female"
"513","957",7130,29.4,"female"
"514","959",7130,29.2,"female"
"515","962",7130,29.2,"female"
"516","963",7130,29.3,"female"
"517","965",7130,29.2,"female"
"518","969",7130,29.1,"female"
"519","971",7130,29.1,"female"
"520","975",7130,29,"female"
"521","976",7130,29.3,"female"
"522","977",7130,28.1,"female"
"523","980",7130,29,"female"
"524","981",7130,29,"female"
"525","982",7130,29.4,"female"
"526","983",7130,29.3,"female"
"527","986",7130,27.6,"female"
"528","987",7130,26.2,"female"
"529","989",7130,20.9,"female"
"530","991",7130,20.9,"female"
"531","992",7130,21.6,"female"
"532","994",7130,17.7,"female"
"533","995",7130,17.7,"female"
"534","999",6968,30.4,"female"
"535","1000",6968,30.4,"female"
"536","1001",6968,30,"female"
"537","1002",6968,29.5,"female"
"538","1010",6968,29.2,"female"
"539","1011",6968,29.1,"female"
"540","1012",6968,29.1,"female"
"541","1013",6968,28.7,"female"
"542","1014",6968,29.2,"female"
"543","1015",6968,28,"female"
"544","1016",6968,28,"female"
"545","1019",6968,26.8,"female"
"546","1020",6968,26.2,"female"
"547","1022",6968,25.3,"female"
"548","1024",6968,25.3,"female"
"549","1025",6968,21.6,"female"
"550","1026",6968,20.6,"female"
"551","1027",6968,20.6,"female"
"552","1028",6968,17.6,"female"
"553","1029",6829,31.6,"female"
"554","1033",6829,30.4,"female"
"555","1034",6829,30,"female"
"556","1039",6829,26.2,"female"
"557","1044",6829,20.6,"female"
"558","1046",6829,20.3,"female"
"559","1047",6829,20.3,"female"
"560","1052",6829,17.8,"female"
"561","1055",6667,31.1,"female"
"562","1057",6667,30,"female"
"563","1061",6667,28.9,"female"
"564","1063",6667,26.4,"female"
"565","1064",6667,26.3,"female"
"566","1066",6667,26.3,"female"
"567","1068",6667,26.3,"female"
"568","1070",6667,25.4,"female"
"569","1074",6667,20.8,"female"
"570","1081",6667,19.8,"female"
"571","1082",6667,19.9,"female"
"572","1083",6667,19.9,"female"
"573","1084",6667,17.9,"female"
"574","1085",6667,18,"female"
"575","1086",6528,31.5,"female"
"576","1087",6528,31,"female"
"577","1088",6528,31,"female"
"578","1092",6528,29.9,"female"
"579","1093",6528,29.5,"female"
"580","1097",6528,29.2,"female"
"581","1100",6528,29.2,"female"
"582","1101",6528,29.3,"female"
"583","1102",6528,29.2,"female"
"584","1104",6528,27,"female"
"585","1106",6528,26.3,"female"
"586","1107",6528,26.3,"female"
"587","1109",6528,25,"female"
"588","1114",6528,21.1,"female"
"589","1115",6528,21,"female"
"590","1118",6528,19.2,"female"
"591","1119",6528,19.2,"female"
"592","1120",6528,19.3,"female"
"593","1121",6528,19.3,"female"
"594","1123",6528,19.4,"female"
"595","1124",6528,19.2,"female"
"596","1127",6528,19.3,"female"
"597","1128",6528,19.2,"female"
"598","1129",6528,19.4,"female"
"599","1132",6366,31.4,"female"
"600","1134",6366,31.3,"female"
"601","1136",6366,31.3,"female"
"602","1140",6366,30.9,"female"
"603","1146",6366,29.4,"female"
"604","1147",6366,29.4,"female"
"605","1148",6366,28.1,"female"
"606","1152",6366,27.5,"female"
"607","1155",6366,27.1,"female"
"608","1156",6366,26.4,"female"
"609","1158",6366,25.5,"female"
"610","1160",6366,24.9,"female"
"611","1163",6366,21.3,"female"
"612","1165",6366,18.1,"female"
"613","1170",6366,15.7,"female"
"614","1172",6227,30.9,"female"
"615","1177",6227,30.8,"female"
"616","1179",6227,30.2,"female"
"617","1180",6227,30.2,"female"
"618","1182",6227,29.6,"female"
"619","1184",6227,29.3,"female"
"620","1185",6227,28.3,"female"
"621","1187",6227,27.9,"female"
"622","1192",6227,27.3,"female"
"623","1193",6227,26.9,"female"
"624","1194",6227,27,"female"
"625","1196",6227,26.5,"female"
"626","1198",6227,26.5,"female"
"627","1200",6227,25.7,"female"
"628","1201",6227,24.7,"female"
"629","1206",6227,21.5,"female"
"630","1209",6227,17.6,"female"
"631","1210",6227,17.8,"female"
"632","1211",6227,17.6,"female"
"633","1213",6227,15.8,"female"
"634","1214",6065,30.7,"female"
"635","1217",6065,30.1,"female"
"636","1218",6065,28.6,"female"
"637","1219",6065,28.5,"female"
"638","1221",6065,27.8,"female"
"639","1225",6065,25.8,"female"
"640","1226",6065,24.6,"female"
"641","1228",6065,21.7,"female"
"642","1230",6065,21.7,"female"
"643","1231",6065,21.7,"female"
"644","1233",6065,21.8,"female"
"645","1234",6065,17.2,"female"
"646","1235",6065,17.3,"female"
"647","1238",6065,16,"female"
"648","1240",6065,15.9,"female"
"649","1241",5903,30.5,"female"
"650","1242",5903,30.5,"female"
"651","1243",5903,29.9,"female"
"652","1245",5903,28.9,"female"
"653","1249",5903,27.7,"female"
"654","1250",5903,27.5,"female"
"655","1251",5903,27.5,"female"
"656","1252",5903,26,"female"
"657","1254",5903,26,"female"
"658","1255",5903,24.3,"female"
"659","1257",5903,24.3,"female"
"660","1258",5903,21.9,"female"
"661","1262",5903,17.6,"female"
"662","1263",5903,16.9,"female"
"663","1266",5764,30.3,"female"
"664","1267",5764,30.3,"female"
"665","1268",5764,27.9,"female"
"666","1270",5764,27.3,"female"
"667","1271",5764,27.3,"female"
"668","1273",5764,27.3,"female"
"669","1275",5764,26.2,"female"
"670","1276",5764,26.2,"female"
"671","1279",5764,24.2,"female"
"672","1280",5764,24.1,"female"
"673","1282",5764,24.1,"female"
"674","1283",5764,22.1,"female"
"675","1289",5764,17.7,"female"
"676","1291",5602,30.2,"female"
"677","1292",5602,30.1,"female"
"678","1295",5602,28.1,"female"
"679","1296",5602,26.3,"female"
"680","1299",5602,23.7,"female"
"681","1303",5602,22.4,"female"
"682","1306",5602,21,"female"
"683","1308",5602,17,"female"
"684","1312",5463,29.9,"female"
"685","1313",5463,28.3,"female"
"686","1314",5463,28.2,"female"
"687","1317",5463,23.4,"female"
"688","1318",5463,23.4,"female"
"689","1320",5463,20.8,"female"
"690","1323",5463,17,"female"
"691","1325",5301,29.6,"female"
"692","1327",5301,29.5,"female"
"693","1328",5301,29.5,"female"
"694","1334",5301,28.2,"female"
"695","1339",5301,23.5,"female"
"696","1341",5301,20.6,"female"
"697","1344",5301,19.1,"female"
"698","1345",5301,19.1,"female"
"699","1346",5301,19.2,"female"
"700","1348",5301,19.1,"female"
"701","1351",5301,19.2,"female"
"702","1352",5301,18.9,"female"
"703","1356",5301,18.4,"female"
"704","1358",5301,18.3,"female"
"705","1360",5301,18.4,"female"
"706","1362",5301,18.4,"female"
"707","1363",5301,18.4,"female"
"708","1364",5301,17.8,"female"
"709","1366",5301,17.9,"female"
"710","1367",5301,17,"female"
"711","1370",5162,28.3,"female"
"712","1371",5162,28.3,"female"
"713","1373",5162,23.5,"female"
"714","1379",5162,19.9,"female"
"715","1380",5162,19.9,"female"
"716","1382",5162,19.9,"female"
"717","1393",5000,26.2,"female"
"718","1395",5000,17.9,"female"
"719","1396",5000,17.8,"female"
"720","1397",5000,18,"female"
"721","1400",5000,16.9,"female"
"722","1401",4861,29.8,"female"
"723","1404",4861,28.6,"female"
"724","1406",4861,28.5,"female"
"725","1410",4861,17.7,"female"
"726","1412",4861,17.2,"female"
"727","1413",4861,16.8,"female"
"728","1416",4699,28.9,"female"
"729","1420",4699,26.2,"female"
"730","1421",4699,23.6,"female"
"731","1423",4699,17.1,"female"
"732","1424",4699,16.8,"female"
"733","1425",4560,26.2,"female"
"734","1426",4560,26.2,"female"
"735","1427",4560,23.6,"female"
"736","1428",4560,23.6,"female"
"737","1429",4560,17.6,"female"
"738","1431",4560,16.8,"female"
"739","1432",4560,16.7,"female"
"740","1434",4398,23.6,"female"
"741","1435",4398,23.6,"female"
"742","1436",4398,17.3,"female"
"743","1437",4398,17.3,"female"
"744","1438",4398,17,"female"
"745","1439",4398,17,"female"
"746","1442",4236,23.6,"female"
"747","1444",4236,17.3,"female"
"748","1445",4236,16.9,"female"
"749","1447",4236,16.7,"female"
"750","1450",4097,23.6,"female"
"751","1451",4097,23.6,"female"
"752","1454",4097,17.2,"female"
"753","1456",3935,29.8,"female"
"754","1457",3935,29.8,"female"
"755","1458",3935,29.5,"female"
"756","1462",3935,23.6,"female"
"757","1463",3935,17.3,"female"
"758","1467",3796,29.8,"female"
"759","1471",3796,23.6,"female"
"760","1472",3796,17.5,"female"
"761","1473",3796,17.1,"female"
"762","1474",3796,17.1,"female"
"763","1475",3796,17.5,"female"
"764","1476",3796,16.8,"female"
"765","1477",3634,29.8,"female"
"766","1478",3634,29.9,"female"
"767","1481",3634,23.6,"female"
"768","1482",3634,17.5,"female"
"769","1485",3634,17,"female"
"770","1488",3634,17,"female"
"771","1490",3634,16.8,"female"
"772","1492",3495,29.9,"female"
"773","1495",3495,17.5,"female"
"774","1496",3495,17.3,"female"
"775","1497",3495,16.9,"female"
"776","1498",3495,16.8,"female"
"777","1499",3333,29.8,"female"
"778","1501",3333,29.3,"female"
"779","1502",3333,26.2,"female"
"780","1504",3333,17.2,"female"
"781","1507",3333,17.4,"female"
"782","1509",3194,29.2,"female"
"783","1512",3194,28.4,"female"
"784","1516",3194,17,"female"
"785","1518",3194,17,"female"
"786","1520",3194,17,"female"
"787","1522",3032,29.7,"female"
"788","1523",3032,29,"female"
"789","1524",3032,29,"female"
"790","1525",3032,28.4,"female"
"791","1532",3032,17.1,"female"
"792","1533",3032,17.2,"female"
"793","1540",2870,30.6,"female"
"794","1543",2870,30.6,"female"
"795","1545",2870,29.7,"female"
"796","1547",2870,28.8,"female"
"797","1548",2870,28.8,"female"
"798","1549",2870,28.4,"female"
"799","1553",2870,26.3,"female"
"800","1556",2731,30.1,"female"
"801","1561",2731,30.1,"female"
"802","1564",2731,28.6,"female"
"803","1565",2731,28.7,"female"
"804","1566",2731,28.4,"female"
"805","1572",2731,26.9,"female"
"806","1575",2731,26.8,"female"
"807","1579",2731,26.8,"female"
"808","1580",2731,26.3,"female"
"809","1583",2731,26.3,"female"
"810","1584",2731,26.3,"female"
"811","1586",2731,27,"female"
"812","1589",2569,31.4,"female"
"813","1592",2569,28.4,"female"
"814","1593",2569,25.9,"female"
"815","1596",2569,23.6,"female"
"816","1598",2431,31.2,"female"
"817","1599",2431,31.2,"female"
"818","1600",2431,31.2,"female"
"819","1601",2431,29.5,"female"
"820","1602",2431,28.6,"female"
"821","1603",2431,28.4,"female"
"822","1605",2431,28.4,"female"
"823","1610",2269,30.9,"female"
"824","1611",2269,30.9,"female"
"825","1618",2269,30.8,"female"
"826","1620",2269,29.5,"female"
"827","1621",2269,28.6,"female"
"828","1624",2269,25.5,"female"
"829","1627",2130,31.5,"female"
"830","1628",2130,31.5,"female"
"831","1630",2130,29.4,"female"
"832","1634",1968,29.3,"female"
"833","1635",1968,29.3,"female"
"834","1638",1968,23.7,"female"
"835","1639",1968,23.6,"female"
"836","1641",1829,31.7,"female"
"837","1645",1829,28.6,"female"
"838","1647",1829,28.5,"female"
"839","1648",1829,28.6,"female"
"840","1650",1667,31.7,"female"
"841","1651",1667,28.9,"female"
"842","1655",1667,23.5,"female"
"843","1657",1667,23.5,"female"
"844","1658",1667,23.6,"female"
"845","1663",1528,23.6,"female"
"846","1664",1528,23.6,"female"
"847","1665",1366,31.1,"female"
"848","1673",1366,30.8,"female"
"849","1675",1366,30.9,"female"
"850","1678",1366,30.8,"female"
"851","1680",1366,30.8,"female"
"852","1685",1204,31.1,"female"
"853","1687",1204,31.1,"female"
"854","1688",1204,28.7,"female"
"855","1689",1204,28.7,"female"
"856","1693",1065,28.6,"female"
"857","1699",903,30.2,"female"
"858","1705",903,23.7,"female"
"859","1707",764,30.4,"female"
"860","1708",764,30.4,"female"
"861","1718",602,30.7,"female"
"862","1735",602,27.6,"female"
"863","1739",602,24.2,"female"
"864","1747",463,28.9,"female"
"865","1766",301,24.8,"female"
"866","3",15000,17,"male"
"867","4",14861,17.2,"male"
"868","5",14861,17.2,"male"
"869","9",14699,16.8,"male"
"870","12",14560,20.4,"male"
"871","14",14560,20.5,"male"
"872","15",14560,20.5,"male"
"873","16",14560,20.5,"male"
"874","21",14560,19.7,"male"
"875","23",14560,19.6,"male"
"876","26",14560,19.7,"male"
"877","28",14560,19.7,"male"
"878","31",14560,16.7,"male"
"879","33",14398,20.9,"male"
"880","34",14398,19.2,"male"
"881","35",14398,19.1,"male"
"882","36",14398,19.2,"male"
"883","38",14398,17,"male"
"884","39",14398,17,"male"
"885","41",14398,16.7,"male"
"886","44",14259,18.9,"male"
"887","45",14259,18.9,"male"
"888","48",14259,17.2,"male"
"889","53",14097,21.3,"male"
"890","56",14097,17.6,"male"
"891","58",14097,17.3,"male"
"892","59",14097,16.7,"male"
"893","62",13958,18.5,"male"
"894","63",13958,18.4,"male"
"895","64",13958,17.6,"male"
"896","65",13958,17.4,"male"
"897","67",13958,16.7,"male"
"898","70",13796,21.6,"male"
"899","75",13796,17.8,"male"
"900","77",13796,17.8,"male"
"901","79",13796,17.4,"male"
"902","80",13796,17.7,"male"
"903","81",13796,16.7,"male"
"904","83",13657,21.7,"male"
"905","86",13657,16.7,"male"
"906","89",13495,17.8,"male"
"907","90",13495,17.8,"male"
"908","91",13495,16.8,"male"
"909","92",13333,21.9,"male"
"910","95",13333,17,"male"
"911","98",13333,16.9,"male"
"912","102",13333,16.8,"male"
"913","104",13194,22,"male"
"914","108",13194,17.1,"male"
"915","109",13194,16.8,"male"
"916","112",13032,17.7,"male"
"917","113",13032,17.3,"male"
"918","114",12894,22.2,"male"
"919","116",12894,17.8,"male"
"920","119",12894,17.4,"male"
"921","121",12894,16.8,"male"
"922","126",12731,23.7,"male"
"923","130",12731,23.8,"male"
"924","131",12731,22.4,"male"
"925","135",12731,17.4,"male"
"926","136",12731,16.8,"male"
"927","138",12593,25.1,"male"
"928","144",12593,22.5,"male"
"929","146",12593,17.7,"male"
"930","147",12593,17.5,"male"
"931","149",12431,25.4,"male"
"932","150",12431,25.3,"male"
"933","151",12431,22.9,"male"
"934","156",12431,17.6,"male"
"935","162",12292,25.5,"male"
"936","164",12292,22.7,"male"
"937","167",12292,17.7,"male"
"938","168",12292,17.7,"male"
"939","174",12130,25.7,"male"
"940","175",12130,25.7,"male"
"941","176",12130,22.4,"male"
"942","177",12130,22.4,"male"
"943","179",12130,17.8,"male"
"944","180",12130,17.7,"male"
"945","185",11968,22.3,"male"
"946","189",11829,29.7,"male"
"947","192",11829,28.9,"male"
"948","194",11829,25.9,"male"
"949","195",11829,25.9,"male"
"950","196",11829,22.1,"male"
"951","197",11829,22.1,"male"
"952","199",11829,19,"male"
"953","200",11829,18.2,"male"
"954","203",11829,17.3,"male"
"955","205",11829,17.8,"male"
"956","208",11667,29.5,"male"
"957","210",11667,28.6,"male"
"958","211",11667,28.5,"male"
"959","215",11667,19.2,"male"
"960","216",11667,19.2,"male"
"961","219",11667,17.9,"male"
"962","221",11667,17.3,"male"
"963","223",11528,29.5,"male"
"964","228",11528,21.8,"male"
"965","233",11528,18.1,"male"
"966","235",11528,18.1,"male"
"967","237",11528,17.3,"male"
"968","240",11366,29.4,"male"
"969","241",11366,29.3,"male"
"970","245",11366,21.7,"male"
"971","247",11366,17.8,"male"
"972","249",11227,29.8,"male"
"973","250",11227,29.7,"male"
"974","253",11227,29.5,"male"
"975","254",11227,29.5,"male"
"976","258",11227,28.7,"male"
"977","259",11227,28.7,"male"
"978","260",11227,28.7,"male"
"979","262",11227,28.2,"male"
"980","269",11227,17.7,"male"
"981","270",11065,30,"male"
"982","272",11065,29.9,"male"
"983","274",11065,28.2,"male"
"984","277",11065,28.3,"male"
"985","279",11065,21.4,"male"
"986","281",11065,19.5,"male"
"987","282",11065,19.5,"male"
"988","283",11065,17.4,"male"
"989","284",11065,17.3,"male"
"990","288",11065,17.4,"male"
"991","289",11065,17.4,"male"
"992","293",10926,28.1,"male"
"993","297",10926,21.3,"male"
"994","298",10926,21.3,"male"
"995","300",10926,19.6,"male"
"996","302",10764,30.3,"male"
"997","305",10764,27.8,"male"
"998","306",10764,27.3,"male"
"999","308",10764,27.3,"male"
"1000","310",10764,26.2,"male"
"1001","311",10764,26.2,"male"
"1002","313",10764,21,"male"
"1003","314",10764,21.1,"male"
"1004","318",10625,30.5,"male"
"1005","320",10625,29.9,"male"
"1006","321",10625,28.9,"male"
"1007","328",10625,26,"male"
"1008","329",10625,25.9,"male"
"1009","330",10625,20.8,"male"
"1010","332",10625,20.8,"male"
"1011","333",10625,19.7,"male"
"1012","334",10463,31.3,"male"
"1013","335",10463,31.4,"male"
"1014","337",10463,30.7,"male"
"1015","338",10463,30.6,"male"
"1016","341",10463,28.6,"male"
"1017","343",10463,28.6,"male"
"1018","347",10463,27.5,"male"
"1019","351",10463,20.3,"male"
"1020","357",10301,31.3,"male"
"1021","360",10301,30.2,"male"
"1022","365",10301,28,"male"
"1023","367",10301,27.9,"male"
"1024","372",10301,27.2,"male"
"1025","375",10301,26.9,"male"
"1026","376",10301,26.9,"male"
"1027","377",10301,26.9,"male"
"1028","379",10301,27,"male"
"1029","383",10301,25.6,"male"
"1030","385",10301,19.5,"male"
"1031","386",10301,19.5,"male"
"1032","387",10301,19.5,"male"
"1033","391",10162,31.2,"male"
"1034","393",10162,30.9,"male"
"1035","397",10162,29.9,"male"
"1036","398",10162,29.5,"male"
"1037","399",10162,29.5,"male"
"1038","401",10162,28.2,"male"
"1039","405",10162,26.4,"male"
"1040","406",10162,25.6,"male"
"1041","407",10162,26.4,"male"
"1042","409",10162,19.1,"male"
"1043","410",10162,19.1,"male"
"1044","411",10162,19.1,"male"
"1045","413",10000,31.2,"male"
"1046","416",10000,30,"male"
"1047","418",10000,29.6,"male"
"1048","419",10000,29.6,"male"
"1049","422",10000,26.9,"male"
"1050","423",10000,25.5,"male"
"1051","428",9861,31.5,"male"
"1052","431",9861,31.1,"male"
"1053","432",9861,30.3,"male"
"1054","433",9861,30.1,"male"
"1055","435",9861,29.6,"male"
"1056","438",9861,29,"male"
"1057","439",9861,29.1,"male"
"1058","442",9861,26.3,"male"
"1059","446",9699,31.5,"male"
"1060","447",9699,31.2,"male"
"1061","448",9699,30.3,"male"
"1062","449",9699,30.1,"male"
"1063","450",9699,29.6,"male"
"1064","452",9699,28.9,"male"
"1065","454",9699,26.8,"male"
"1066","455",9699,26.8,"male"
"1067","457",9699,26.3,"male"
"1068","460",9699,18.3,"male"
"1069","461",9560,31.5,"male"
"1070","463",9560,31.2,"male"
"1071","468",9560,26.8,"male"
"1072","471",9560,24.7,"male"
"1073","472",9560,24.7,"male"
"1074","473",9560,24,"male"
"1075","475",9560,24,"male"
"1076","478",9560,18.1,"male"
"1077","479",9560,18.1,"male"
"1078","483",9398,30.3,"male"
"1079","484",9398,30.1,"male"
"1080","485",9398,30.1,"male"
"1081","491",9398,29.3,"male"
"1082","497",9398,29.1,"male"
"1083","498",9398,29.5,"male"
"1084","500",9398,29.2,"male"
"1085","502",9398,28.1,"male"
"1086","504",9398,28.1,"male"
"1087","506",9398,27.8,"male"
"1088","512",9398,24.9,"male"
"1089","513",9398,23.6,"male"
"1090","517",9398,18,"male"
"1091","519",9259,31.6,"male"
"1092","525",9259,29.4,"male"
"1093","527",9259,29.5,"male"
"1094","531",9259,29.4,"male"
"1095","532",9259,29.1,"male"
"1096","538",9259,29.3,"male"
"1097","539",9259,29.1,"male"
"1098","541",9259,29.5,"male"
"1099","542",9259,29.5,"male"
"1100","543",9259,29.1,"male"
"1101","544",9259,29.5,"male"
"1102","547",9259,29.2,"male"
"1103","551",9259,27.6,"male"
"1104","553",9259,26.7,"male"
"1105","554",9259,26.2,"male"
"1106","555",9259,25.2,"male"
"1107","556",9259,25,"male"
"1108","560",9259,23.3,"male"
"1109","563",9097,31.7,"male"
"1110","564",9097,31.7,"male"
"1111","565",9097,31.7,"male"
"1112","569",9097,30.1,"male"
"1113","570",9097,29.5,"male"
"1114","573",9097,29.4,"male"
"1115","574",9097,29.3,"male"
"1116","576",9097,29.2,"male"
"1117","578",9097,29.4,"male"
"1118","580",9097,29.1,"male"
"1119","582",9097,29.1,"male"
"1120","586",9097,29.2,"male"
"1121","588",9097,28.8,"male"
"1122","592",9097,29.2,"male"
"1123","594",9097,27.6,"male"
"1124","601",9097,23,"male"
"1125","602",9097,23,"male"
"1126","604",9097,17.5,"male"
"1127","605",9097,17.4,"male"
"1128","612",9097,17.4,"male"
"1129","613",9097,15.9,"male"
"1130","617",9097,17.5,"male"
"1131","618",8935,31.8,"male"
"1132","619",8935,31.9,"male"
"1133","620",8935,31.4,"male"
"1134","622",8935,30.2,"male"
"1135","629",8935,29.3,"male"
"1136","630",8935,29.3,"male"
"1137","631",8935,29.3,"male"
"1138","633",8935,29.2,"male"
"1139","637",8935,29.4,"male"
"1140","638",8935,28.9,"male"
"1141","639",8935,29.4,"male"
"1142","640",8935,29.3,"male"
"1143","642",8935,28.2,"male"
"1144","644",8935,28.2,"male"
"1145","645",8935,27.7,"male"
"1146","646",8935,27.6,"male"
"1147","647",8935,26.7,"male"
"1148","649",8935,25.2,"male"
"1149","651",8935,22.7,"male"
"1150","653",8935,17.1,"male"
"1151","654",8935,17.1,"male"
"1152","655",8935,15.5,"male"
"1153","658",8796,31.5,"male"
"1154","661",8796,29.5,"male"
"1155","665",8796,27.8,"male"
"1156","666",8796,26.7,"male"
"1157","667",8796,26.7,"male"
"1158","668",8796,26.1,"male"
"1159","670",8796,25.2,"male"
"1160","675",8796,17.2,"male"
"1161","680",8796,17.3,"male"
"1162","684",8796,16.4,"male"
"1163","686",8796,16.4,"male"
"1164","688",8634,32,"male"
"1165","689",8634,31.9,"male"
"1166","690",8634,31.9,"male"
"1167","692",8634,31.5,"male"
"1168","693",8634,31.5,"male"
"1169","694",8634,30.2,"male"
"1170","696",8634,29.6,"male"
"1171","698",8634,28.4,"male"
"1172","700",8634,27.7,"male"
"1173","701",8634,28.1,"male"
"1174","702",8634,26.7,"male"
"1175","704",8634,25.1,"male"
"1176","708",8634,17.5,"male"
"1177","709",8495,31.8,"male"
"1178","710",8495,31.8,"male"
"1179","711",8495,31.5,"male"
"1180","713",8495,29.9,"male"
"1181","714",8495,29.9,"male"
"1182","715",8495,29.9,"male"
"1183","720",8495,28.4,"male"
"1184","721",8495,26.7,"male"
"1185","723",8495,25.1,"male"
"1186","725",8495,22.3,"male"
"1187","728",8495,15.3,"male"
"1188","729",8333,31.9,"male"
"1189","731",8333,31.5,"male"
"1190","732",8333,28.6,"male"
"1191","733",8333,28.4,"male"
"1192","735",8333,27.9,"male"
"1193","736",8333,26.7,"male"
"1194","740",8333,22.2,"male"
"1195","745",8194,31.5,"male"
"1196","746",8194,30.2,"male"
"1197","747",8194,28.5,"male"
"1198","749",8194,28.4,"male"
"1199","754",8194,25.1,"male"
"1200","756",8194,22.1,"male"
"1201","759",8032,31.9,"male"
"1202","760",8032,31.5,"male"
"1203","761",8032,30.2,"male"
"1204","762",8032,28.4,"male"
"1205","763",8032,28.4,"male"
"1206","764",8032,27.9,"male"
"1207","765",8032,27.9,"male"
"1208","766",8032,26.7,"male"
"1209","768",8032,26.1,"male"
"1210","770",8032,25.1,"male"
"1211","772",8032,23.4,"male"
"1212","773",8032,23.4,"male"
"1213","775",8032,22.6,"male"
"1214","777",8032,22.6,"male"
"1215","779",8032,22.6,"male"
"1216","780",8032,21.9,"male"
"1217","781",8032,21.9,"male"
"1218","782",8032,22.6,"male"
"1219","784",8032,17.7,"male"
"1220","787",7894,31.5,"male"
"1221","788",7894,30.2,"male"
"1222","790",7894,29.9,"male"
"1223","791",7894,29.5,"male"
"1224","793",7894,29.5,"male"
"1225","795",7894,28,"male"
"1226","797",7894,26.7,"male"
"1227","798",7894,26.1,"male"
"1228","800",7894,25.1,"male"
"1229","801",7894,21.8,"male"
"1230","804",7894,17.7,"male"
"1231","805",7731,32,"male"
"1232","809",7731,30,"male"
"1233","810",7731,29.4,"male"
"1234","813",7731,29.3,"male"
"1235","815",7731,29.1,"male"
"1236","816",7731,29.1,"male"
"1237","817",7731,29.1,"male"
"1238","821",7731,28.4,"male"
"1239","822",7731,29.3,"male"
"1240","823",7731,28.4,"male"
"1241","826",7731,26.4,"male"
"1242","830",7731,26.4,"male"
"1243","833",7731,26.3,"male"
"1244","834",7731,26.1,"male"
"1245","835",7731,26.3,"male"
"1246","836",7731,26.5,"male"
"1247","837",7731,26.4,"male"
"1248","838",7731,26.5,"male"
"1249","839",7731,26.6,"male"
"1250","841",7731,26.5,"male"
"1251","842",7731,26.7,"male"
"1252","844",7731,21.7,"male"
"1253","846",7731,17.6,"male"
"1254","849",7593,30.3,"male"
"1255","852",7593,28.8,"male"
"1256","853",7593,28.9,"male"
"1257","854",7593,28.1,"male"
"1258","859",7593,21.5,"male"
"1259","860",7593,21.5,"male"
"1260","861",7593,17.4,"male"
"1261","862",7593,17.4,"male"
"1262","865",7431,31.7,"male"
"1263","868",7431,30.3,"male"
"1264","870",7431,30,"male"
"1265","873",7431,29.4,"male"
"1266","874",7431,29.3,"male"
"1267","875",7431,29.3,"male"
"1268","877",7431,29.2,"male"
"1269","879",7431,29.2,"male"
"1270","880",7431,29.3,"male"
"1271","882",7431,29.1,"male"
"1272","883",7431,29.1,"male"
"1273","884",7431,28.7,"male"
"1274","886",7431,29.1,"male"
"1275","892",7431,27.8,"male"
"1276","893",7431,28.2,"male"
"1277","895",7431,26.1,"male"
"1278","897",7431,21.3,"male"
"1279","898",7431,21.3,"male"
"1280","901",7431,17.6,"male"
"1281","903",7431,17.6,"male"
"1282","904",7431,15.4,"male"
"1283","906",7269,31.8,"male"
"1284","907",7269,31.7,"male"
"1285","909",7269,31.4,"male"
"1286","911",7269,30,"male"
"1287","916",7269,29.2,"male"
"1288","918",7269,29.2,"male"
"1289","919",7269,29.1,"male"
"1290","923",7269,29.1,"male"
"1291","924",7269,29.2,"male"
"1292","926",7269,29.1,"male"
"1293","927",7269,29.3,"male"
"1294","928",7269,29.2,"male"
"1295","930",7269,29.3,"male"
"1296","931",7269,28.7,"male"
"1297","933",7269,29,"male"
"1298","934",7269,29,"male"
"1299","935",7269,29,"male"
"1300","937",7269,28.1,"male"
"1301","938",7269,27.5,"male"
"1302","939",7269,26.1,"male"
"1303","941",7269,25.2,"male"
"1304","942",7269,26.7,"male"
"1305","943",7269,21.6,"male"
"1306","946",7269,17.8,"male"
"1307","948",7130,31.3,"male"
"1308","950",7130,30.4,"male"
"1309","952",7130,30,"male"
"1310","958",7130,29.4,"male"
"1311","960",7130,29.1,"male"
"1312","961",7130,29.2,"male"
"1313","964",7130,29.1,"male"
"1314","966",7130,29.1,"male"
"1315","967",7130,29.3,"male"
"1316","968",7130,29.4,"male"
"1317","970",7130,29.2,"male"
"1318","972",7130,29,"male"
"1319","973",7130,28.7,"male"
"1320","974",7130,29.2,"male"
"1321","978",7130,28.1,"male"
"1322","979",7130,29,"male"
"1323","984",7130,27.5,"male"
"1324","985",7130,26.8,"male"
"1325","988",7130,26.1,"male"
"1326","990",7130,20.8,"male"
"1327","993",7130,17.7,"male"
"1328","996",6968,31.6,"male"
"1329","997",6968,31.2,"male"
"1330","998",6968,31.2,"male"
"1331","1003",6968,29.5,"male"
"1332","1004",6968,29.5,"male"
"1333","1005",6968,29.5,"male"
"1334","1006",6968,29.2,"male"
"1335","1007",6968,29,"male"
"1336","1008",6968,29.1,"male"
"1337","1009",6968,29.1,"male"
"1338","1017",6968,27.7,"male"
"1339","1018",6968,27.7,"male"
"1340","1021",6968,26.8,"male"
"1341","1023",6968,25.3,"male"
"1342","1030",6829,31.6,"male"
"1343","1031",6829,31.2,"male"
"1344","1032",6829,30.4,"male"
"1345","1035",6829,29.5,"male"
"1346","1036",6829,28.8,"male"
"1347","1037",6829,28.8,"male"
"1348","1038",6829,26.8,"male"
"1349","1040",6829,26.2,"male"
"1350","1041",6829,25.2,"male"
"1351","1042",6829,25.3,"male"
"1352","1043",6829,21.6,"male"
"1353","1045",6829,20.6,"male"
"1354","1048",6829,20.3,"male"
"1355","1049",6829,17.8,"male"
"1356","1050",6829,17.8,"male"
"1357","1051",6829,17.8,"male"
"1358","1053",6667,31.6,"male"
"1359","1054",6667,31.1,"male"
"1360","1056",6667,30.4,"male"
"1361","1058",6667,29.5,"male"
"1362","1059",6667,28.9,"male"
"1363","1060",6667,28.9,"male"
"1364","1062",6667,26.9,"male"
"1365","1065",6667,26.3,"male"
"1366","1067",6667,26.3,"male"
"1367","1069",6667,26.4,"male"
"1368","1071",6667,25.1,"male"
"1369","1072",6667,25.1,"male"
"1370","1073",6667,21.6,"male"
"1371","1075",6667,20.7,"male"
"1372","1076",6667,20.8,"male"
"1373","1077",6667,20.7,"male"
"1374","1078",6667,19.9,"male"
"1375","1079",6667,19.8,"male"
"1376","1080",6667,19.8,"male"
"1377","1089",6528,30.3,"male"
"1378","1090",6528,30.3,"male"
"1379","1091",6528,29.9,"male"
"1380","1094",6528,29.5,"male"
"1381","1095",6528,29.2,"male"
"1382","1096",6528,29.2,"male"
"1383","1098",6528,29.3,"male"
"1384","1099",6528,29.2,"male"
"1385","1103",6528,28.2,"male"
"1386","1105",6528,26.9,"male"
"1387","1108",6528,25.5,"male"
"1388","1110",6528,25,"male"
"1389","1111",6528,21.6,"male"
"1390","1112",6528,21,"male"
"1391","1113",6528,21,"male"
"1392","1116",6528,21.1,"male"
"1393","1117",6528,19.4,"male"
"1394","1122",6528,19.3,"male"
"1395","1125",6528,19.3,"male"
"1396","1126",6528,19.2,"male"
"1397","1130",6528,17.8,"male"
"1398","1131",6528,17.8,"male"
"1399","1133",6366,31.4,"male"
"1400","1135",6366,31.3,"male"
"1401","1137",6366,31.4,"male"
"1402","1138",6366,31.1,"male"
"1403","1139",6366,31.2,"male"
"1404","1141",6366,30.9,"male"
"1405","1142",6366,30.3,"male"
"1406","1143",6366,30.3,"male"
"1407","1144",6366,29.8,"male"
"1408","1145",6366,29.8,"male"
"1409","1149",6366,28.2,"male"
"1410","1150",6366,28.1,"male"
"1411","1151",6366,27.5,"male"
"1412","1153",6366,28.2,"male"
"1413","1154",6366,27.1,"male"
"1414","1157",6366,26.4,"male"
"1415","1159",6366,25.6,"male"
"1416","1161",6366,24.9,"male"
"1417","1162",6366,21.7,"male"
"1418","1164",6366,21.3,"male"
"1419","1166",6366,18.1,"male"
"1420","1167",6366,18.1,"male"
"1421","1168",6366,17.8,"male"
"1422","1169",6366,18.1,"male"
"1423","1171",6227,31,"male"
"1424","1173",6227,31,"male"
"1425","1174",6227,31,"male"
"1426","1175",6227,30.9,"male"
"1427","1176",6227,30.9,"male"
"1428","1178",6227,30.8,"male"
"1429","1181",6227,29.6,"male"
"1430","1183",6227,29.6,"male"
"1431","1186",6227,28.4,"male"
"1432","1188",6227,27.9,"male"
"1433","1189",6227,28,"male"
"1434","1190",6227,27.2,"male"
"1435","1191",6227,27.5,"male"
"1436","1195",6227,27.2,"male"
"1437","1197",6227,26.5,"male"
"1438","1199",6227,25.6,"male"
"1439","1202",6227,24.8,"male"
"1440","1203",6227,24.7,"male"
"1441","1204",6227,21.3,"male"
"1442","1205",6227,21.7,"male"
"1443","1207",6227,21.5,"male"
"1444","1208",6227,17.5,"male"
"1445","1212",6227,15.8,"male"
"1446","1215",6065,30.6,"male"
"1447","1216",6065,30.1,"male"
"1448","1220",6065,27.8,"male"
"1449","1222",6065,27.4,"male"
"1450","1223",6065,27.5,"male"
"1451","1224",6065,25.8,"male"
"1452","1227",6065,24.6,"male"
"1453","1229",6065,21.8,"male"
"1454","1232",6065,21.3,"male"
"1455","1236",6065,17.6,"male"
"1456","1237",6065,17.2,"male"
"1457","1239",6065,16,"male"
"1458","1244",5903,29.9,"male"
"1459","1246",5903,28.9,"male"
"1460","1247",5903,28.9,"male"
"1461","1248",5903,27.7,"male"
"1462","1253",5903,25.9,"male"
"1463","1256",5903,24.4,"male"
"1464","1259",5903,21.9,"male"
"1465","1260",5903,21.2,"male"
"1466","1261",5903,21.2,"male"
"1467","1264",5903,17,"male"
"1468","1265",5764,30.4,"male"
"1469","1269",5764,27.9,"male"
"1470","1272",5764,27.2,"male"
"1471","1274",5764,27.3,"male"
"1472","1277",5764,26.2,"male"
"1473","1278",5764,26.2,"male"
"1474","1281",5764,24.1,"male"
"1475","1284",5764,22.1,"male"
"1476","1285",5764,22.1,"male"
"1477","1286",5764,21.1,"male"
"1478","1287",5764,21.1,"male"
"1479","1288",5764,17.6,"male"
"1480","1290",5764,17,"male"
"1481","1293",5602,28.1,"male"
"1482","1294",5602,28.1,"male"
"1483","1297",5602,26.3,"male"
"1484","1298",5602,23.7,"male"
"1485","1300",5602,23.8,"male"
"1486","1301",5602,23.8,"male"
"1487","1302",5602,22.4,"male"
"1488","1304",5602,22.5,"male"
"1489","1305",5602,21,"male"
"1490","1307",5602,17,"male"
"1491","1309",5602,17.7,"male"
"1492","1310",5463,30,"male"
"1493","1311",5463,29.9,"male"
"1494","1315",5463,28.2,"male"
"1495","1316",5463,28.3,"male"
"1496","1319",5463,20.9,"male"
"1497","1321",5463,17.7,"male"
"1498","1322",5463,17,"male"
"1499","1324",5301,29.8,"male"
"1500","1326",5301,29.6,"male"
"1501","1329",5301,28.8,"male"
"1502","1330",5301,28.7,"male"
"1503","1331",5301,28.7,"male"
"1504","1332",5301,28.7,"male"
"1505","1333",5301,28.7,"male"
"1506","1335",5301,28.7,"male"
"1507","1336",5301,28.2,"male"
"1508","1337",5301,26.3,"male"
"1509","1338",5301,26.3,"male"
"1510","1340",5301,23.4,"male"
"1511","1342",5301,20.6,"male"
"1512","1343",5301,20.7,"male"
"1513","1347",5301,19.2,"male"
"1514","1349",5301,19,"male"
"1515","1350",5301,19.1,"male"
"1516","1353",5301,19.2,"male"
"1517","1354",5301,19,"male"
"1518","1355",5301,19.1,"male"
"1519","1357",5301,18.3,"male"
"1520","1359",5301,19,"male"
"1521","1361",5301,18.4,"male"
"1522","1365",5301,18.3,"male"
"1523","1368",5162,29.8,"male"
"1524","1369",5162,29.4,"male"
"1525","1372",5162,26.3,"male"
"1526","1374",5162,23.5,"male"
"1527","1375",5162,20.3,"male"
"1528","1376",5162,20.4,"male"
"1529","1377",5162,19.9,"male"
"1530","1378",5162,20.3,"male"
"1531","1381",5162,19.9,"male"
"1532","1383",5162,20,"male"
"1533","1384",5162,20.3,"male"
"1534","1385",5162,19.8,"male"
"1535","1386",5162,18.1,"male"
"1536","1387",5162,17.8,"male"
"1537","1388",5162,18.1,"male"
"1538","1389",5000,29.5,"male"
"1539","1390",5000,28.4,"male"
"1540","1391",5000,28.4,"male"
"1541","1392",5000,28.4,"male"
"1542","1394",5000,23.5,"male"
"1543","1398",5000,17.8,"male"
"1544","1399",5000,17.8,"male"
"1545","1402",4861,29.5,"male"
"1546","1403",4861,29.5,"male"
"1547","1405",4861,28.5,"male"
"1548","1407",4861,28.6,"male"
"1549","1408",4861,26.2,"male"
"1550","1409",4861,23.6,"male"
"1551","1411",4861,17.2,"male"
"1552","1414",4699,29.7,"male"
"1553","1415",4699,29.7,"male"
"1554","1417",4699,28.9,"male"
"1555","1418",4699,28.9,"male"
"1556","1419",4699,28.8,"male"
"1557","1422",4699,17.7,"male"
"1558","1430",4560,17.1,"male"
"1559","1433",4398,26.2,"male"
"1560","1440",4398,16.7,"male"
"1561","1441",4236,23.6,"male"
"1562","1443",4236,17.6,"male"
"1563","1446",4236,16.7,"male"
"1564","1448",4236,17,"male"
"1565","1449",4097,26.2,"male"
"1566","1452",4097,17.6,"male"
"1567","1453",4097,17.6,"male"
"1568","1455",4097,16.7,"male"
"1569","1459",3935,29.5,"male"
"1570","1460",3935,26.2,"male"
"1571","1461",3935,23.6,"male"
"1572","1464",3935,17.4,"male"
"1573","1465",3935,17.2,"male"
"1574","1466",3935,16.7,"male"
"1575","1468",3796,29.5,"male"
"1576","1469",3796,26.2,"male"
"1577","1470",3796,23.6,"male"
"1578","1479",3634,29.4,"male"
"1579","1480",3634,26.2,"male"
"1580","1483",3634,17.5,"male"
"1581","1484",3634,17.3,"male"
"1582","1486",3634,17,"male"
"1583","1487",3634,16.8,"male"
"1584","1489",3634,16.8,"male"
"1585","1491",3495,29.8,"male"
"1586","1493",3495,29.4,"male"
"1587","1494",3495,23.6,"male"
"1588","1500",3333,29.3,"male"
"1589","1503",3333,23.6,"male"
"1590","1505",3333,16.9,"male"
"1591","1506",3333,16.9,"male"
"1592","1508",3194,29.8,"male"
"1593","1510",3194,29.2,"male"
"1594","1511",3194,29.2,"male"
"1595","1513",3194,26.2,"male"
"1596","1514",3194,23.6,"male"
"1597","1515",3194,17.4,"male"
"1598","1517",3194,17.1,"male"
"1599","1519",3194,17,"male"
"1600","1521",3194,17,"male"
"1601","1526",3032,28.2,"male"
"1602","1527",3032,28.2,"male"
"1603","1528",3032,26.2,"male"
"1604","1529",3032,17.2,"male"
"1605","1530",3032,17.2,"male"
"1606","1531",3032,17.2,"male"
"1607","1534",3032,17.2,"male"
"1608","1535",2870,31.4,"male"
"1609","1536",2870,30.7,"male"
"1610","1537",2870,30.7,"male"
"1611","1538",2870,30.6,"male"
"1612","1539",2870,30.7,"male"
"1613","1541",2870,30.7,"male"
"1614","1542",2870,30.6,"male"
"1615","1544",2870,30.6,"male"
"1616","1546",2870,29.7,"male"
"1617","1550",2870,28.1,"male"
"1618","1551",2870,28.4,"male"
"1619","1552",2870,28.1,"male"
"1620","1554",2731,31.4,"male"
"1621","1555",2731,30.2,"male"
"1622","1557",2731,30.1,"male"
"1623","1558",2731,30,"male"
"1624","1559",2731,30.1,"male"
"1625","1560",2731,30.1,"male"
"1626","1562",2731,29.6,"male"
"1627","1563",2731,29.6,"male"
"1628","1567",2731,28.6,"male"
"1629","1568",2731,28,"male"
"1630","1569",2731,27.9,"male"
"1631","1570",2731,27.9,"male"
"1632","1571",2731,27,"male"
"1633","1573",2731,26.9,"male"
"1634","1574",2731,26.9,"male"
"1635","1576",2731,26.9,"male"
"1636","1577",2731,26.9,"male"
"1637","1578",2731,26.4,"male"
"1638","1581",2731,27,"male"
"1639","1582",2731,26.3,"male"
"1640","1585",2731,26.3,"male"
"1641","1587",2731,26.4,"male"
"1642","1588",2731,23.6,"male"
"1643","1590",2569,31.3,"male"
"1644","1591",2569,29.6,"male"
"1645","1594",2569,25.9,"male"
"1646","1595",2569,25.8,"male"
"1647","1597",2431,31.2,"male"
"1648","1604",2431,28.3,"male"
"1649","1606",2431,25.6,"male"
"1650","1607",2431,25.7,"male"
"1651","1608",2431,23.6,"male"
"1652","1609",2431,23.6,"male"
"1653","1612",2269,30.8,"male"
"1654","1613",2269,30.8,"male"
"1655","1614",2269,30.7,"male"
"1656","1615",2269,30.7,"male"
"1657","1616",2269,30.8,"male"
"1658","1617",2269,30.8,"male"
"1659","1619",2269,30.8,"male"
"1660","1622",2269,28.6,"male"
"1661","1623",2269,25.5,"male"
"1662","1625",2269,23.6,"male"
"1663","1626",2130,31.5,"male"
"1664","1629",2130,29.4,"male"
"1665","1631",2130,28.6,"male"
"1666","1632",2130,23.6,"male"
"1667","1633",1968,31.7,"male"
"1668","1636",1968,29.3,"male"
"1669","1637",1968,28.5,"male"
"1670","1640",1829,31.7,"male"
"1671","1642",1829,29.1,"male"
"1672","1643",1829,29.1,"male"
"1673","1644",1829,29.1,"male"
"1674","1646",1829,28.5,"male"
"1675","1649",1829,23.7,"male"
"1676","1652",1667,28.9,"male"
"1677","1653",1667,23.7,"male"
"1678","1654",1667,23.7,"male"
"1679","1656",1667,23.6,"male"
"1680","1659",1528,31.6,"male"
"1681","1660",1528,31.6,"male"
"1682","1661",1528,29,"male"
"1683","1662",1528,29,"male"
"1684","1666",1366,31,"male"
"1685","1667",1366,31.1,"male"
"1686","1668",1366,31.1,"male"
"1687","1669",1366,30.9,"male"
"1688","1670",1366,30.9,"male"
"1689","1671",1366,30.9,"male"
"1690","1672",1366,30.8,"male"
"1691","1674",1366,30.7,"male"
"1692","1676",1366,30.7,"male"
"1693","1677",1366,30.8,"male"
"1694","1679",1366,30.8,"male"
"1695","1681",1366,30.7,"male"
"1696","1682",1366,28.9,"male"
"1697","1683",1366,28.9,"male"
"1698","1684",1366,23.7,"male"
"1699","1686",1204,31.1,"male"
"1700","1690",1204,23.8,"male"
"1701","1691",1204,23.8,"male"
"1702","1692",1065,31.3,"male"
"1703","1694",1065,23.9,"male"
"1704","1695",1065,23.9,"male"
"1705","1696",903,31.4,"male"
"1706","1697",903,31.5,"male"
"1707","1698",903,30.2,"male"
"1708","1700",903,30.1,"male"
"1709","1701",903,30.1,"male"
"1710","1702",903,28.8,"male"
"1711","1703",903,28.8,"male"
"1712","1704",903,23.7,"male"
"1713","1706",903,23.7,"male"
"1714","1709",764,30.4,"male"
"1715","1710",764,28.9,"male"
"1716","1711",764,28.9,"male"
"1717","1712",764,23.9,"male"
"1718","1713",764,23.9,"male"
"1719","1714",602,31.4,"male"
"1720","1715",602,31.4,"male"
"1721","1716",602,30.7,"male"
"1722","1717",602,30.7,"male"
"1723","1719",602,30.8,"male"
"1724","1720",602,30.7,"male"
"1725","1721",602,30.6,"male"
"1726","1722",602,30.7,"male"
"1727","1723",602,30.6,"male"
"1728","1724",602,30.6,"male"
"1729","1725",602,29,"male"
"1730","1726",602,28.9,"male"
"1731","1727",602,29,"male"
"1732","1728",602,29,"male"
"1733","1729",602,28.4,"male"
"1734","1730",602,28.4,"male"
"1735","1731",602,28.4,"male"
"1736","1732",602,28.4,"male"
"1737","1733",602,27.6,"male"
"1738","1734",602,27.5,"male"
"1739","1736",602,27.5,"male"
"1740","1737",602,24.1,"male"
"1741","1738",602,24.1,"male"
"1742","1740",463,30.8,"male"
"1743","1741",463,30.8,"male"
"1744","1742",463,29.8,"male"
"1745","1743",463,29.7,"male"
"1746","1744",463,28.9,"male"
"1747","1745",463,28.7,"male"
"1748","1746",463,28.7,"male"
"1749","1748",463,28.7,"male"
"1750","1749",463,27.1,"male"
"1751","1750",463,27.1,"male"
"1752","1751",463,27.1,"male"
"1753","1752",463,24.4,"male"
"1754","1753",463,24.4,"male"
"1755","1754",463,24.4,"male"
"1756","1755",301,30.8,"male"
"1757","1756",301,30,"male"
"1758","1757",301,30,"male"
"1759","1758",301,30,"male"
"1760","1759",301,26.7,"male"
"1761","1760",301,26.6,"male"
"1762","1761",301,26.6,"male"
"1763","1762",301,26.6,"male"
"1764","1763",301,26.6,"male"
"1765","1764",301,24.9,"male"
"1766","1765",301,24.8,"male"
"1767","1767",301,24.9,"male"
"1768","1768",301,24.8,"male"
"1769","1769",301,24.8,"male"
"1770","1770",301,24.9,"male"
"1771","1771",162,30.7,"male"
"1772","1772",162,30.6,"male"
"1773","1773",162,30.6,"male"
"1774","1774",162,30.6,"male"
"1775","1775",162,30.6,"male"
"1776","1776",162,30.5,"male"
"1777","1777",162,30.6,"male"
"1778","1778",162,30.3,"male"
"1779","1779",162,30.4,"male"
"1780","1780",162,30.4,"male"
"1781","1781",162,30.4,"male"
"1782","1782",162,30.3,"male"
"1783","1783",162,30.4,"male"
"1784","1784",162,30.3,"male"
"1785","1785",162,30.3,"male"
"1786","1786",0,15,"male"
